timestamp,batch,slot_active,restart_lsn,confirmed_flush_lsn,heartbeat_update_count,retained_wal_bytes,pg_wal_bytes,pgdata_used_bytes,pgdata_available_bytes,pgdata_capacity_bytes,postgres_state,debezium_health,workload_status,postgres_query_error
2026-09-28T21:42:29.2137442Z,0,true,0/1931410,0/1931448,0,96,16777216,48021504,220413952,268435456,running,UP,Debezium running; waiting for first batch,
2026-09-28T21:42:29.8532356Z,1,true,0/1931410,0/1931448,0,9007096,33554432,64798720,203636736,268435456,running,UP,batch committed and noise table truncated,
2026-09-28T21:42:40.682227Z,2,true,0/1931410,0/1931448,0,17990744,33554432,64802816,203632640,268435456,running,UP,batch committed and noise table truncated,
2026-09-28T21:42:51.7017986Z,3,true,0/1931410,0/1931448,0,26999944,50331648,81588224,186847232,268435456,running,UP,batch committed and noise table truncated,
2026-09-28T21:43:02.6284394Z,4,true,0/1931410,0/1931448,0,36287664,50331648,81674240,186761216,268435456,running,UP,batch committed and noise table truncated,
2026-09-28T21:43:13.5696078Z,5,true,0/1931410,0/1931448,0,45306576,67108864,98451456,169984000,268435456,running,UP,batch committed and noise table truncated,
2026-09-28T21:43:24.2799091Z,6,true,0/1931410,0/1931448,0,54290224,67108864,98619392,169816064,268435456,running,UP,batch committed and noise table truncated,
2026-09-28T21:43:34.9695459Z,7,true,0/1931410,0/1931448,0,63273984,83886080,115400704,153034752,268435456,running,UP,batch committed and noise table truncated,
2026-09-28T21:43:45.8167857Z,8,true,0/1931410,0/1931448,0,72258816,83886080,115404800,153030656,268435456,running,UP,batch committed and noise table truncated,
2026-09-28T21:43:56.8677366Z,9,true,0/1931410,0/1931448,0,81302424,100663296,132186112,136249344,268435456,running,UP,batch committed and noise table truncated,
2026-09-28T21:44:07.8860581Z,10,true,0/1931410,0/1931448,0,90286912,100663296,132186112,136249344,268435456,running,UP,batch committed and noise table truncated,
2026-09-28T21:44:19.4206778Z,11,true,0/1931410,0/1931448,0,99270600,117440512,148967424,119468032,268435456,running,UP,batch committed and noise table truncated,
2026-09-28T21:44:30.9579395Z,12,true,0/1931410,0/1931448,0,108284992,134217728,165748736,102686720,268435456,running,UP,batch committed and noise table truncated,
2026-09-28T21:44:42.3033184Z,13,true,0/1931410,0/1931448,0,117284848,134217728,165752832,102682624,268435456,running,UP,batch committed and noise table truncated,
2026-09-28T21:44:53.710181Z,14,true,0/1931410,0/1931448,0,126268840,150994944,182534144,85901312,268435456,running,UP,batch committed and noise table truncated,
2026-09-28T21:45:05.1476Z,15,true,0/1931410,0/1931448,0,135255728,150994944,182702080,85733376,268435456,running,UP,batch committed and noise table truncated,
2026-09-28T21:45:16.3860711Z,16,true,0/1931410,0/1931448,0,144272736,167772160,199483392,68952064,268435456,running,UP,batch committed and noise table truncated,
2026-09-28T21:45:27.7343135Z,17,true,0/1931410,0/1931448,0,153256328,167772160,199483392,68952064,268435456,running,UP,batch committed and noise table truncated,
2026-09-28T21:45:39.1833033Z,18,true,0/1931410,0/1931448,0,162241056,184549376,216264704,52170752,268435456,running,UP,batch committed and noise table truncated,
2026-09-28T21:45:50.6023446Z,19,true,0/1931410,0/1931448,0,171224904,184549376,216268800,52166656,268435456,running,UP,batch committed and noise table truncated,
2026-09-28T21:46:02.1846209Z,20,true,0/1931410,0/1931448,0,180245536,201326592,233050112,35385344,268435456,running,UP,batch committed and noise table truncated,
2026-09-28T21:46:13.9450885Z,21,true,0/1931410,0/1931448,0,189229128,201326592,233050112,35385344,268435456,running,UP,batch committed and noise table truncated,
2026-09-28T21:46:25.7131561Z,22,true,0/1931410,0/1931448,0,198212816,218103808,249831424,18604032,268435456,running,UP,batch committed and noise table truncated,
2026-09-28T21:46:37.290196Z,23,true,0/1931410,0/1931448,0,207208008,218103808,249835520,18599936,268435456,running,UP,batch committed and noise table truncated,
2026-09-28T21:46:48.3758357Z,24,,,,,,,268435456,0,268435456,running,UP,"PostgreSQL SQLSTATE 53100: could not write to file ""pg_wal/xlogtemp.1152"": No space left on device",failed to connect to `user=postgres database=cdc_lab`: 127.0.0.1:55434 (127.0.0.1): server error: FATAL: could not write init file: No space left on device (SQLSTATE 53100)
