timestamp,batch,slot_active,restart_lsn,confirmed_flush_lsn,retained_wal_bytes,pg_wal_bytes,pgdata_used_bytes,pgdata_available_bytes,pgdata_capacity_bytes,postgres_state,debezium_health,workload_status,postgres_query_error
2026-09-28T20:55:10.5996554Z,0,false,0/1931410,0/1931448,304552,16777216,48119808,220315648,268435456,running,"DOWN: Get ""http://localhost:18082/q/health"": dial tcp [::1]:18082: connectex: No connection could be made because the target machine actively refused it.",Debezium stopped; waiting for first batch,
2026-09-28T20:55:11.4794476Z,1,false,0/1931410,0/1931448,9311520,33554432,64897024,203538432,268435456,running,"DOWN: Get ""http://localhost:18082/q/health"": dial tcp [::1]:18082: connectex: No connection could be made because the target machine actively refused it.",batch committed and noise table truncated,
2026-09-28T20:55:12.3186327Z,2,false,0/1931410,0/1931448,18295112,33554432,64897024,203538432,268435456,running,"DOWN: Get ""http://localhost:18082/q/health"": dial tcp [::1]:18082: connectex: No connection could be made because the target machine actively refused it.",batch committed and noise table truncated,
2026-09-28T20:55:13.2948602Z,3,false,0/1931410,0/1931448,27317232,50331648,81674240,186761216,268435456,running,"DOWN: Get ""http://localhost:18082/q/health"": dial tcp [::1]:18082: connectex: No connection could be made because the target machine actively refused it.",batch committed and noise table truncated,
2026-09-28T20:55:14.1277493Z,4,false,0/1931410,0/1931448,36300880,50331648,81838080,186597376,268435456,running,"DOWN: Get ""http://localhost:18082/q/health"": dial tcp [::1]:18082: connectex: No connection could be made because the target machine actively refused it.",batch committed and noise table truncated,
2026-09-28T20:55:15.0317656Z,5,false,0/1931410,0/1931448,45284512,67108864,98615296,169820160,268435456,running,"DOWN: Get ""http://localhost:18082/q/health"": dial tcp [::1]:18082: connectex: No connection could be made because the target machine actively refused it.",batch committed and noise table truncated,
2026-09-28T20:55:15.9395306Z,6,false,0/1931410,0/1931448,54268128,67108864,98615296,169820160,268435456,running,"DOWN: Get ""http://localhost:18082/q/health"": dial tcp [::1]:18082: connectex: No connection could be made because the target machine actively refused it.",batch committed and noise table truncated,
2026-09-28T20:55:16.819156Z,7,false,0/1931410,0/1931448,63252088,83886080,115392512,153042944,268435456,running,"DOWN: Get ""http://localhost:18082/q/health"": dial tcp [::1]:18082: connectex: No connection could be made because the target machine actively refused it.",batch committed and noise table truncated,
2026-09-28T20:55:17.8639487Z,8,false,0/1931410,0/1931448,72235704,83886080,115392512,153042944,268435456,running,"DOWN: Get ""http://localhost:18082/q/health"": dial tcp [::1]:18082: connectex: No connection could be made because the target machine actively refused it.",batch committed and noise table truncated,
2026-09-28T20:55:19.1737195Z,9,false,0/1931410,0/1931448,81277432,100663296,132169728,136265728,268435456,running,"DOWN: Get ""http://localhost:18082/q/health"": dial tcp [::1]:18082: connectex: No connection could be made because the target machine actively refused it.",batch committed and noise table truncated,
2026-09-28T20:55:20.3547263Z,10,false,0/1931410,0/1931448,90261024,100663296,132169728,136265728,268435456,running,"DOWN: Get ""http://localhost:18082/q/health"": dial tcp [::1]:18082: connectex: No connection could be made because the target machine actively refused it.",batch committed and noise table truncated,
2026-09-28T20:55:21.9779367Z,11,false,0/1931410,0/1931448,99244656,117440512,148946944,119488512,268435456,running,"DOWN: Get ""http://localhost:18082/q/health"": dial tcp [::1]:18082: connectex: No connection could be made because the target machine actively refused it.",batch committed and noise table truncated,
2026-09-28T20:55:23.4708581Z,12,false,0/1931410,0/1931448,108259200,134217728,165724160,102711296,268435456,running,"DOWN: Get ""http://localhost:18082/q/health"": dial tcp [::1]:18082: connectex: No connection could be made because the target machine actively refused it.",batch committed and noise table truncated,
2026-09-28T20:55:24.8018826Z,13,false,0/1931410,0/1931448,117258656,134217728,165724160,102711296,268435456,running,"DOWN: Get ""http://localhost:18082/q/health"": dial tcp [::1]:18082: connectex: No connection could be made because the target machine actively refused it.",batch committed and noise table truncated,
2026-09-28T20:55:25.8903115Z,14,false,0/1931410,0/1931448,126242592,150994944,182501376,85934080,268435456,running,"DOWN: Get ""http://localhost:18082/q/health"": dial tcp [::1]:18082: connectex: No connection could be made because the target machine actively refused it.",batch committed and noise table truncated,
2026-09-28T20:55:26.7729547Z,15,false,0/1931410,0/1931448,135229304,150994944,182501376,85934080,268435456,running,"DOWN: Get ""http://localhost:18082/q/health"": dial tcp [::1]:18082: connectex: No connection could be made because the target machine actively refused it.",batch committed and noise table truncated,
2026-09-28T20:55:27.67118Z,16,false,0/1931410,0/1931448,144243096,167772160,199278592,69156864,268435456,running,"DOWN: Get ""http://localhost:18082/q/health"": dial tcp [::1]:18082: connectex: No connection could be made because the target machine actively refused it.",batch committed and noise table truncated,
2026-09-28T20:55:28.5206275Z,17,false,0/1931410,0/1931448,153226712,167772160,199278592,69156864,268435456,running,"DOWN: Get ""http://localhost:18082/q/health"": dial tcp [::1]:18082: connectex: No connection could be made because the target machine actively refused it.",batch committed and noise table truncated,
2026-09-28T20:55:29.2891034Z,18,false,0/1931410,0/1931448,162210376,184549376,216055808,52379648,268435456,running,"DOWN: Get ""http://localhost:18082/q/health"": dial tcp [::1]:18082: connectex: No connection could be made because the target machine actively refused it.",batch committed and noise table truncated,
2026-09-28T20:55:30.1531449Z,19,false,0/1931410,0/1931448,171194048,184549376,216055808,52379648,268435456,running,"DOWN: Get ""http://localhost:18082/q/health"": dial tcp [::1]:18082: connectex: No connection could be made because the target machine actively refused it.",batch committed and noise table truncated,
2026-09-28T20:55:31.069689Z,20,false,0/1931410,0/1931448,180222800,201326592,232833024,35602432,268435456,running,"DOWN: Get ""http://localhost:18082/q/health"": dial tcp [::1]:18082: connectex: No connection could be made because the target machine actively refused it.",batch committed and noise table truncated,
2026-09-28T20:55:31.8992975Z,21,false,0/1931410,0/1931448,189206416,201326592,232833024,35602432,268435456,running,"DOWN: Get ""http://localhost:18082/q/health"": dial tcp [::1]:18082: connectex: No connection could be made because the target machine actively refused it.",batch committed and noise table truncated,
2026-09-28T20:55:32.7180124Z,22,false,0/1931410,0/1931448,198190024,218103808,249610240,18825216,268435456,running,"DOWN: Get ""http://localhost:18082/q/health"": dial tcp [::1]:18082: connectex: No connection could be made because the target machine actively refused it.",batch committed and noise table truncated,
2026-09-28T20:55:33.7268524Z,23,false,0/1931410,0/1931448,207185216,234881024,266387456,2048000,268435456,running,"DOWN: Get ""http://localhost:18082/q/health"": dial tcp [::1]:18082: connectex: No connection could be made because the target machine actively refused it.",batch committed and noise table truncated,
2026-09-28T20:55:34.5889231Z,24,,,,,,0,0,0,exited,"DOWN: Get ""http://localhost:18082/q/health"": dial tcp [::1]:18082: connectex: No connection could be made because the target machine actively refused it.",unexpected EOF,failed to connect to `user=postgres database=cdc_lab`: 127.0.0.1:55434 (127.0.0.1): dial error: dial tcp 127.0.0.1:55434: connectex: No connection could be made because the target machine actively refused it.
