timestamp,slot_name,active,restart_lsn,confirmed_flush_lsn,wal_status,retained_wal_bytes,pg_wal_bytes,debezium_health_status,checkpoint_count
2026-09-28T11:12:55.066295Z,cdc_crashtest_slot,true,0/22F4C08,0/22F6188,reserved,240280,33554432,UP,96
2026-09-28T11:13:00.0896132Z,cdc_crashtest_slot,true,0/22F4C08,0/22F6188,reserved,252248,33554432,UP,96
2026-09-28T11:13:05.0895016Z,cdc_crashtest_slot,true,0/22F6250,0/22F6250,reserved,261032,33554432,UP,96
2026-09-28T11:13:10.0888804Z,cdc_crashtest_slot,true,0/22F6250,0/22F6250,reserved,272944,33554432,UP,96
2026-09-28T11:13:15.0896838Z,cdc_crashtest_slot,true,0/22F6250,0/2334620,reserved,304272,33554432,UP,96
2026-09-28T11:13:20.0891896Z,cdc_crashtest_slot,true,0/22F6250,0/2334620,reserved,316400,33554432,UP,96
2026-09-28T11:13:25.0897051Z,cdc_crashtest_slot,true,0/22F6250,0/2334620,reserved,328800,33554432,UP,96
2026-09-28T11:13:30.0890265Z,cdc_crashtest_slot,true,0/22F6250,0/2334620,reserved,340928,33554432,UP,96
2026-09-28T11:13:35.0897451Z,cdc_crashtest_slot,true,0/22F6250,0/2334620,reserved,353328,33554432,UP,96
2026-09-28T11:13:40.0893912Z,cdc_crashtest_slot,true,0/22F6250,0/2334620,reserved,365512,33554432,UP,96
2026-09-28T11:13:45.0892444Z,cdc_crashtest_slot,true,0/22F6250,0/2334620,reserved,378152,33554432,UP,96
2026-09-28T11:13:50.0894757Z,cdc_crashtest_slot,true,0/22F6250,0/2334620,reserved,390800,33554432,UP,96
2026-09-28T11:13:55.0896451Z,cdc_crashtest_slot,true,0/22F6250,0/2334620,reserved,403256,33554432,UP,96
2026-09-28T11:14:00.0897504Z,cdc_crashtest_slot,true,0/22F6250,0/2334620,reserved,415384,33554432,UP,96
2026-09-28T11:14:05.0890742Z,cdc_crashtest_slot,true,0/23404C8,0/2357A08,reserved,124048,33554432,UP,96
2026-09-28T11:14:10.0894547Z,cdc_crashtest_slot,true,0/23404C8,0/2357A08,reserved,136176,33554432,UP,96
2026-09-28T11:14:15.0890429Z,cdc_crashtest_slot,true,0/23404C8,0/235DC20,reserved,148632,33554432,UP,96
2026-09-28T11:14:20.0893312Z,cdc_crashtest_slot,true,0/23404C8,0/235DC20,reserved,160760,33554432,UP,96
2026-09-28T11:14:25.0889381Z,cdc_crashtest_slot,true,0/23404C8,0/235DC20,reserved,173920,33554432,UP,96
2026-09-28T11:14:30.0977359Z,cdc_crashtest_slot,true,0/23404C8,0/235DC20,reserved,173920,33554432,UP,96
